"column1","column2","column3","Column 4","Column 5"
"M","BARON","","",""
"M","BR","","",""
"M","BR.","","",""
"M","BRO","","",""
"M","BROTHER","","",""
"M","FATHER","","",""
"M","FR","","",""
"M","FR.","","",""
"M","HERR","","",""
"M","LORD","","",""
"M","Lord","","",""
"M","M","","",""
"M","M.","","",""
"M","MAST","","",""
"M","MASTER","","",""
"M","MASTERT","","",""
"M","MASTSER","","",""
"M","MESSERS","","",""
"M","MESSR","","",""
"M","MESSRS","","",""
"M","MESSRS.","","",""
"M","MISTER","","",""
"M","MMR","","",""
"M","MONS","","",""
"M","MONSIEUR","","",""
"M","MONSIGNOR","","",""
"M","MR","","",""
"M","Mr","","",""
"M","MR .","","",""
"M","MR.","","",""
"M","MR`","","",""
"M","MR,","","",""
"M","MRMR","","",""
"M","MSATER","","",""
"M","MSSRS","","",""
"M","MSTR","","",""
"M","REV. FR.","","",""
"M","REV.FR","","",""
"M","SENOR","","",""
"M","SIR","","",""
"M","AN T-ATH","","",""
"M","AN TATH","","",""
"M","AN TUAS","","",""
"M","AN TUASAL","","",""
"M","AN T-UASAL","","",""
"M","AN UAS","","",""
"M","REV CAN","","",""
"M","UAS","","",""
"M","UASAIL","","",""
"M","UASAL","","",""
"M","VEN","","",""
"F",".ISS","","",""
"F","FRAU","","",""
"F","LADY","","",""
"F","MADAM","","",""
"F","MADAME","","",""
"F","MADEMOISEL","","",""
"F","MIIS","","",""
"F","MIISS","","",""
"F","MIS","","",""
"F","MISS","","",""
"F","Miss","","",""
"F","MISS.","","",""
"F","MISS`","","",""
"F","MISSD","","",""
"F","MISSES","","",""
"F","MISSQ","","",""
"F","MISSS","","",""
"F","MMRS","","",""
"F","MOTHER","","",""
"F","MRS","","",""
"F","Mrs","","",""
"F","MRS.","","",""
"F","MRSQ","","",""
"F","MS","","",""
"F","Ms","","",""
"F","MS.","","",""
"F","MS`","","",""
"F","MSS","","",""
"F","NISS","","",""
"F","NRS","","",""
"F","REV MTHR","","",""
"F","REV SISTER","","",""
"F","SENORA","","",""
"F","SISTER","","",""
"F","SISTERS","","",""
"F","SR","","",""
"F","SR.","","",""
"F","THE LADY","","",""
"F","MRSS","","",""
"F","MS,","","",""
"F","MRS.,","","",""