"column1","column2","column3","column4","column5","column6","column7","column8"
"PRO","PRO","","","","","",""
"PRODUTION","PRODUTION","","","","","",""
"PROFIT","PROFIT","","","","","",""
"PROGRAM","PROGRAM","","","","","",""
"PROGRESSIVE","PROGRESSIVE","","","","","",""
"PROJECT","PROJECT","","","","","",""
"PROMOTION","PROMOTION","","","","","",""
"PROPANE","PROPANE","","","","","",""
"PROTECTIVE","PROTECTIVE","","","","","",""
"PROVINCE","PROVINCE","","","","","",""
"PSYCHOLOGY","PSYCHOLOGY","","","","","",""
"PSYCHOTHERAPY","PSYCHOTHERAPY","","","","","",""
"PUBLIC","PUBLIC","","","","","",""
"PUNCTUAL","PUNCTUAL","","","","","",""
"QUALIFIED","QUALIFIED","","","","","",""
"RADICAL","RADICAL","","","","","",""
"RADIOLOGICAL","RADIOLOGICAL","","","","","",""
"RADIOLOGY","RADIOLOGY","","","","","",""
"RAILCARE","RAILCARE","","","","","",""
"RANGERS","RANGERS","","","","","",""
"REFORMED","REFORMED","","","","","",""
"REFRACTIVE","REFRACTIVE","","","","","",""
"REFRESHING","REFRESHING","","","","","",""
"REGIONAL","REGIONAL","","","","","",""
"REHABILITATION","REHABILITATION","","","","","",""
"RELIEF","RELIEF","","","","","",""
"REMAINDER","REMAINDER","","","","","",""
"RENOVATIONS","RENOVATIONS","","","","","",""
"RESCUE","RESCUE","","","","","",""
"RESIDENCE","RESIDENCE","","","","","",""
"RESIDENTIAL","RESIDENTIAL","","","","","",""
"RETREAT","RETREAT","","","","","",""
"REVITAL","REVITAL","","","","","",""
"RV","RV","","","","","",""
"SAFE","SAFE","","","","","",""
"SAFEHOUSE","SAFEHOUSE","","","","","",""
"SALES","SALES","","","","","",""
"SALON","SALON","","","","","",""
"SAVINGS","SAVINGS","","","","","",""
"SCHLS","SCHLS","","","","","",""
"SCHOOL","SCHOOL","","","","","",""
"SCHOOLS","SCHOOLS","","","","","",""
"SCHS","SCHS","","","","","",""
"SCMS","SCMS","","","","","",""
"SEAFOOD","SEAFOOD","","","","","",""
"SELECTED","SELECTED","","","","","",""
"SEMANTIC","SEMANTIC","","","","","",""
"SENIOR","SENIOR","","","","","",""
"SERIES","SERIES","","","","","",""
"SHARING","SHARING","","","","","",""
"SHELTER","SHELTER","","","","","",""
"SHOPPE","SHOPPE","","","","","",""
"SHORE","SHORE","","","","","",""
"SIDING","SIDING","","","","","",""
"SIGN","SIGN","","","","","",""
"SIGNS","SIGNS","","","","","",""
"SLEEP","SLEEP","","","","","",""
"SMOKED","SMOKED","","","","","",""
"SOFTSERVE","SOFTSERVE","","","","","",""
"SOLARTIME","SOLARTIME","","","","","",""
"SOURCE","SOURCE","","","","","",""
"SOUTHERN","SOUTHERN","","","","","",""
"SPACEAGE","SPACEAGE","","","","","",""
"SPARKLING","SPARKLING","","","","","",""
"SPCA","SPCA","","","","","",""
"SPCS","SPCS","","","","","",""
"SPECIAL","SPECIAL","","","","","",""
"SPECIALTIES","SPECIALTIES","","","","","",""
"SPECTRUM","SPECTRUM","","","","","",""
"SPORTS","SPORTS","","","","","",""
"SPORTSCARE","SPORTSCARE","","","","","",""
"SPORTSMEDICINE","SPORTSMEDICINE","","","","","",""
"SPRAY","SPRAY","","","","","",""
"SPRAYER","SPRAYER","","","","","",""
"SPRING","SPRING","","","","","",""
"SQUARED","SQUARED","","","","","",""
"STANDARDS","STANDARDS","","","","","",""
"START","START","","","","","",""
"STATES","STATES","","","","","",""
"STATIONARY","STATIONARY","","","","","",""
"STEAK","STEAK","","","","","",""
"STEEL","STEEL","","","","","",""
"STRATEGIES","STRATEGIES","","","","","",""
"STRATEGY","STRATEGY","","","","","",""
"STRINGER","STRINGER","","","","","",""
"STRUCTURAL","STRUCTURAL","","","","","",""
"SUBARU","SUBARU","","","","","",""
"SUPERIOR","SUPERIOR","","","","","",""
"SUPPORTED","SUPPORTED","","","","","",""
"SURETY","SURETY","","","","","",""
"SURFACE","SURFACE","","","","","",""
"SURGEONS","SURGEONS","","","","","",""
"SURGERY","SURGERY","","","","","",""
"SURVEYING","SURVEYING","","","","","",""
"SURVEYOR","SURVEYOR","","","","","",""
"SURVEYORS","SURVEYORS","","","","","",""
"SUSHI","SUSHI","","","","","",""
"SWIM","SWIM","","","","","",""
"SYMPHONY","SYMPHONY","","","","","",""
"SYNTHETICS","SYNTHETICS","","","","","",""
"SYSTEMATIC","SYSTEMATIC","","","","","",""
"TABERNACLE","TABERNACLE","","","","","",""
"TANK","TANK","","","","","",""
"TAVERN","TAVERN","","","","","",""
"TEAMS","TEAMS","","","","","",""
"TEMPLE","TEMPLE","","","","","",""
"TENNESSEE","TENNESSEE","","","","","",""
"TERRACE","TERRACE","","","","","",""
"TERRACENC","TERRACENC","","","","","",""
"TESTING","TESTING","","","","","",""
"TEXAS","TEXAS","","","","","",""
"THEATRE","THEATRE","","","","","",""
"THOROUGHBRED","THOROUGHBRED","","","","","",""
"THREE","THREE","","","","","",""
"THRIFTWAY","THRIFTWAY","","","","","",""
"TIMBER","TIMBER","","","","","",""
"TOOL","TOOL","","","","","",""
"TRANSIT","TRANSIT","","","","","",""
"TRANSMISSIONS","TRANSMISSIONS","","","","","",""
"TRAVEL","TRAVEL","","","","","",""
"TRIBE","TRIBE","","","","","",""
"TRINITY","TRINITY","","","","","",""
"TRIVALLEY","TRIVALLEY","","","","","",""
"TROPHY","TROPHY","","","","","",""
"TRUTH","TRUTH","","","","","",""
"TUXEDO","TUXEDO","","","","","",""
"UNIFIED","UNIFIED","","","","","",""
"UNIQUE","UNIQUE","","","","","",""
"UNITRUST","UNITRUST","","","","","",""
"UNLIMITED","UNLIMITED","","","","","",""
"UROLOGY","UROLOGY","","","","","",""
"USA","USA","","","","","",""
"USD","USD","","","","","",""
"UTILITIES","UTILITIES","","","","","",""
"UTILITY","UTILITY","","","","","",""
"VALLEY","VALLEY","","","","","",""
"VAULT","VAULT","","","","","",""
"VETERAN","VETERAN","","","","","",""
"VETERANS","VETERANS","","","","","",""
"VINTAGE","VINTAGE","","","","","",""
"VINYL","VINYL","","","","","",""
"VIP","VIP","","","","","",""
"VISION","VISION","","","","","",""
"VISITING","VISITING","","","","","",""
"VISUAL","VISUAL","","","","","",""
"VOLCANO","VOLCANO","","","","","",""
"VOYAGE","VOYAGE","","","","","",""
"WATER","WATER","","","","","",""
"WEALTH","WEALTH","","","","","",""
"WELLNESS","WELLNESS","","","","","",""
"WEST","WEST","","","","","",""
"WESTERN","WESTERN","","","","","",""
"WHEEL","WHEEL","","","","","",""
"WHEELCHAIRS","WHEELCHAIRS","","","","","",""
"WILDERNESS","WILDERNESS","","","","","",""
"WINERY","WINERY","","","","","",""
"WIRE","WIRE","","","","","",""
"WITHDRAWALS","WITHDRAWALS","","","","","",""
"WOMEN","WOMEN","","","","","",""
"WONDERS","WONDERS","","","","","",""
"WORKS","WORKS","","","","","",""
"WYOMING","WYOMING","","","","","",""
"YELLOWSTONE","YELLOWSTONE","","","","","",""
"ZEN","ZEN","","","","","",""
"ZYLAB","ZYLAB","","","","","",""
"THE","THE","","","","","",""
"SCHOOL","SCHOOL","","","","","",""
"SCHOOLS","SCHOOLS","","","","","",""
"AGENT","AGENT","","","","","",""
"LOTTERY","LOTTERY","","","","","",""
"LAW","LAW","","","","","",""
"FIRM","FIRM","","","","","",""
"SWEEP","SWEEP","","","","","",""
"TR","TR","","","","","",""
"RET","RET","","","","","",""
"RETIRE","RETIRE","","","","","",""
"REVOC","REVOC","","","","","",""
"IRREVOC","IRREVOC","","","","","",""
"TWNSHP","TWNSHP","","","","","",""
"TWSHP","TWSHP","","","","","",""
"TRIBE","TRIBE","","","","","",""
"RESIDUARY","RESIDUARY","","","","","",""
"RESIDUAL","RESIDUAL","","","","","",""
"PHYSICAL","PHYSICAL","","","","","",""
"TRAINER","TRAINER","","","","","",""
"WORKS","WORKS","","","","","",""
"THERAPY","THERAPY","","","","","",""
"FINANCE","FINANCE","","","","","",""
"FINANCES","FINANCES","","","","","",""
"MORTGAGES","MORTGAGES","","","","","",""
"LOAN","LOAN","","","","","",""
"LOANS","LOANS","","","","","",""
"FINANCIAL","FINANCIAL","","","","","",""
"FORFEIT","FORFEIT","","","","","",""
"FOREITURE","FORFEITURE","","","","","",""
"DIVORCE","DIVORCE","","","","","",""
"MARRY","MARRY","","","","","",""
"MARRIED","VILLAGE","","","","","",""
"OFFSET","OFFSET","","","","","",""
"HERITAGE","HERITAGE","","","","","",""
"NOVELTY","NOVELTY","","","","","",""
"LEGACY","LEGACY","","","","","",""
"NOBLE","NOBLE","","","","","",""
"POWDER","POWDER","","","","","",""
"INTEGRATE","INTEGRATE","","","","","",""
"INTEGRATED","INTEGRATED","","","","","",""
"FARMER","FARMER","","","","","",""
"EDUCATIONAL","EDUCATIONAL","","","","","",""
"WAREHOUSE","WAREHOUSE","","","","","",""
"PROACTIVE","PROACTIVE","","","","","",""
"PRACTICAL","PRACTICAL","","","","","",""
"NORTHEAST","NORTHEAST","","","","","",""
"NORTHWEST","NORTHWEST","","","","","",""
"SOUTHEAST","SOUTHEAST","","","","","",""
"SOUTHWEST","SOUTHWEST","","","","","",""
"NORTHEASTERN","NORTHEASTERN","","","","","",""
"NORTHWESTERN","NORTHWESTERN","","","","","",""
"SOUTHEASTERN","SOUTHEASTERN","","","","","",""
"SOUTHWESTERN","SOUTHWESTERN","","","","","",""
"EASTERN","EASTERN","","","","","",""
"WESTERN","WESTERN","","","","","",""
"CENTER","CENTER","","","","","",""
"CENTERS","CENTERS","","","","","",""
"CTR","CTR","","","","","",""
"CTRS","CTRS","","","","","",""
"JURY","JURY","","","","","",""
"COURT","COURT","","","","","",""
"DONOR","DONOR","","","","","",""
"DONATION","DONATION","","","","","",""
"SPONSOR","SPONSOR","","","","","",""
"SPONSORSHIP","SPONSORSHIP","","","","","",""
"BENEFICIARY","BENEFICIARY","","","","","",""
"CAMERAS","CAMERAS","","","","","",""
"CAPITAL","CAPITAL","","","","","",""
"CAR","CAR","","","","","",""
"CARAVANS","CARAVANS","","","","","",""
"CARE","CARE","","","","","",""
"CARPENTRY","CARPENTRY","","","","","",""
"CARPET","CARPET","","","","","",""
"CARPETS","CARPETS","","","","","",""
"CARRIERS","CARRIERS","","","","","",""
"CARS","CARS","","","","","",""
"CASH","CASH","","","","","",""
"CASTROL","CASTROL","","","","","",""
"CATERING","CATERING","","","","","",""
"CATHOLIC","CATHOLIC","","","","","",""
"CEILINGS","CEILINGS","","","","","",""
"CELLULAR","CELLULAR","","","","","",""
"CEMENT","CEMENT","","","","","",""
"CENTRE","CENTRE","","","","","",""
"CENTRAL","CENTRAL","","","","","",""
"CENTURY","CENTURY","","","","","",""
"CHARITIES","CHARITIES","","","","","",""
"CHAUFFEUR","CHAUFFEUR","","","","","",""
"CHEESE","CHEESE","","","","","",""
"CHEM","CHEM","","","","","",""
"CHEMICAL","CHEMICAL","","","","","",""
"CHEMICALS","CHEMICALS","","","","","",""
"CHEMIST","CHEMIST","","","","","",""
"CHEMISTS","CHEMISTS","","","","","",""
"CHILDRENS","CHILDRENS","","","","","",""
"CHOICE","CHOICE","","","","","",""
"CHURCH","CHURCH","CHRCH","","","","",""
"CIVIL","CIVIL","","","","","",""
"CLADDING","CLADDING","","","","","",""
"CLEAN","CLEAN","","","","","",""
"CLEANERS","CLEANERS","","","","","",""
"CLEANING","CLEANING","","","","","",""
"CLINIC","CLINIC","","","","","",""
"CLOTHING","CLOTHING","","","","","",""
"CLOVER","CLOVER","","","","","",""
"COACHES","COACHES","","","","","",""
"COALITION","COALITION","","","","","",""
"COAST","COAST","","","","","",""
"COATINGS","COATINGS","","","","","",""
"COLA","COLA","","","","","",""
"COLD","COLD","","","","","",""
"COLLECTION","COLLECTION","","","","","",""
"COLLEGE","COLLEGE","","","","","",""
"COLOUR","COLOUR","","","","","",""
"COMMERCIAL","COMMERCIAL","","","","","",""
"COMMERCIALS","COMMERCIALS","","","","","",""
"COMMITTEE","COMMITTEE","","","","","",""
"COMMS","COMMS","","","","","",""
"COMMUNICATION","COMMUNICATION","","","","","",""
"COMMUNICATIONS","COMMUNICATIONS","","","","","",""
"COMMUNITY","COMMUNITY","","","","","",""
"COMPLEX","COMPLEX","CMPLX","","","","",""
"COMPONENTS","COMPONENTS","","","","","",""
"COMPUTER","COMPUTER","COMP","","","","",""
"COMPUTERS","COMPUTERS","","","","","",""
"COMPUTING","COMPUTING","","","","","",""
"CONCEPTS","CONCEPTS","","","","","",""
"CONCIERGE","CONCIERGE","","","","","",""
"CONCRETE","CONCRETE","","","","","",""
"CONFEDERATION","CONFEDERATION","","","","","",""
"CONFERENCE","CONFERENCE","","","","","",""
"CONSERVATION","CONSERVATION","","","","","",""
"CONSERVATORIES","CONSERVATORIES","","","","","",""
"CONSTRUCTION","CONSTRUCTION","CONSTR","CONST","CON","CONS","CON.","CONS."
"CONSTRUCTIONS","CONSTRUCTIONS","","","","","",""
"CONSULTANCY","CONSULTANCY","","","","","",""
"CONSULTANTS","CONSULTANTS","CONSLNTS","CNSLNTS","","","",""
"CONSULTING","CONSULTING","","","","","",""
"CONTAINER","CONTAINER","","","","","",""
"CONTAINERS","CONTAINERS","","","","","",""
"CONTINENTAL","CONTINENTAL","","","","","",""
"SPA","SPA","","","","","",""
"PACIFIC","PACIFIC","","","","","",""
"ATLANTIC","ATLANTIC","","","","","",""
"TAXI","TAXI","","","","","",""
"CONTRACT","CONTRACT","","","","","",""
"CONTRACTING","CONTRACTING","","","","","",""
"CONTRACTORS","CONTRACTORS","","","","","",""
"CONTRACTS","CONTRACTS","","","","","",""
"CONTROL","CONTROL","","","","","",""
"CONTROLS","CONTROLS","","","","","",""
"COOL","COOL","","","","","",""
"COOLING","COOLING","","","","","",""
"COOP","COOP","CO-OP","CO-OP","CO OP","","",""
"CORPORATE","CORPORATE","","","","","",""
"CORPORATION","CORPORATION","","","","","",""
"CORPS","CORPS","","","","","",""
"CORRUGATED","CORRUGATED","","","","","",""
"COUNCIL","COUNCIL","","","","","",""
"COUNSELING","COUNSELING","","","","","",""
"COUNTY","COUNTY","CNTY","CTY","","","",""
"COURIER","COURIER","","","","","",""
"COURIERS","COURIERS","","","","","",""
"CRAFT","CRAFT","","","","","",""
"CRAFTS","CRAFTS","","","","","",""
"CRANE","CRANE","","","","","",""
"CRASH","CRASH","","","","","",""
"CREAMERIES","CREAMERIES","","","","","",""
"CREAMERY","CREAMERY","","","","","",""
"CREATIONS","CREATIONS","","","","","",""
"CREDIT","CREDIT","","","","","",""
"CRYSTAL","CRYSTAL","","","","","",""
"CURTAINS","CURTAINS","","","","","",""
"CUSTOM","CUSTOM","","","","","",""
"CUSTOMER","CUSTOMER","","","","","",""
"CUSTOMS","CUSTOMS","","","","","",""
"DAIRIES","DAIRIES","","","","","",""
"DAIRY","DAIRY","","","","","",""
"DATA","DATA","","","","","",""
"DECOR","DECOR","","","","","",""
"DEFENCE","DEFENCE","","","","","",""
"DELIVERY","DELIVERY","","","","","",""
"DEN","DEN","","","","","",""
"DENTAL","DENTAL","","","","","",""
"DENTAL","DENTAL","","","","","",""
"DENTISTRY","DENTISTRY","","","","","",""
"DEPARTMENT","DEPARTMENT","","","","","",""
"DEPT","DEPT","","","","","",""
"DERMATOLOGY","DERMATOLOGY","","","","","",""
"DESIGN","DESIGN","","","","","",""
"DESIGNS","DESIGNS","","","","","",""
"DEVELOPEMENT","DEVELOPEMENT","","","","","",""
"DEVELOPEMENTS","DEVELOPEMENTS","","","","","",""
"DEVELOPMENT","DEVELOPMENT","","","","","",""
"DEVELOPMENTS","DEVELOPMENTS","","","","","",""
"DEVICES","DEVICES","","","","","",""
"DIAGNOSTICS","DIAGNOSTICS","","","","","",""
"DIAMOND","DIAMOND","","","","","",""
"DIESEL","DIESEL","","","","","",""
"DIMENSIONS","DIMENSIONS","","","","","",""
"DIOCESE","DIOCESE","","","","","",""
"DIRECT","DIRECT","","","","","",""
"DISPLAY","DISPLAY","","","","","",""
"DISPLAYS","DISPLAYS","","","","","",""
"DIST","DIST","","","","","",""
"DISTRIBUTERS","DISTRIBUTERS","","","","","",""
"DISTRIBUTING","DISTRIBUTING","","","","","",""
"DISTRIBUTION","DISTRIBUTION","","","","","",""
"DISTRIBUTORS","DISTRIBUTORS","","","","","",""
"DISTRICT","DISTRICT","","","","","",""
"DIY","DIY","","","","","",""
"DOCUMENT","DOCUMENT","","","","","",""
"DOOR","DOOR","","","","","",""
"DOORS","DOORS","","","","","",""
"DRAIN","DRAIN","","","","","",""
"DRILLING","DRILLING","","","","","",""
"DRIVING","DRIVING","","","","","",""
"DRUG","DRUG","","","","","",""
"DRY","DRY","","","","","",""
"DRYWALL","DRYWALL","","","","","",""
"DUBLIN","DUBLIN","","","","","",""
"DUNDALK","DUNDALK","","","","","",""
"EAST","EAST","","","","","",""
"EASTERN","EASTERN","","","","","",""
"EDUCATION","EDUCATION","","","","","",""
"EGGS","EGGS","","","","","",""
"ELEC","ELEC","","","","","",""
"ELECT","ELECT","","","","","",""
"ELECTRIC","ELECTRIC","","","","","",""
"FORGE","FORGE","","","","","",""
"FORKLIFT","FORKLIFT","","","","","",""
"FORKLIFTS","FORKLIFTS","","","","","",""
"FORM","FORM","","","","","",""
"FORWARDING","FORWARDING","","","","","",""
"FOUNDATION","FOUNDATION","","","","","",""
"FOUNDRY","FOUNDRY","","","","","",""
"FREIGHT","FREIGHT","","","","","",""
"FRESH","FRESH","","","","","",""
"FROZEN","FROZEN","","","","","",""
"FRUIT","FRUIT","","","","","",""
"FUEL","FUEL","","","","","",""
"FUELS","FUELS","","","","","",""
"FUND","FUND","","","","","",""
"FUNERAL","FUNERAL","","","","","",""
"FURNISHINGS","FURNISHINGS","FURNISHING","","","","",""
"FURNITURE","FURNITURE","","","","","",""
"GAELTACHT","GAELTACHT","","","","","",""
"GALWAY","GALWAY","","","","","",""
"GARAGE","GARAGE","","","","","",""
"GARAGES","GARAGES","","","","","",""
"GARDEN","GARDEN","GRDN","","","","",""
"GARDENS","GARDENS","GRDNS","","","","",""
"GAS","GAS","","","","","",""
"GUARDS","GUARDS","","","","","",""
"GUARD","GUARD","","","","","",""
"GENERAL","GENERAL","","","","","",""
"GEOLOGY","GEOLOGY","","","","","",""
"GIFT","GIFT","GIFTS","","","","",""
"GLOBAL","GLOBAL","","","","","",""
"GOLD","GOLD","","","","","",""
"GOLF","GOLF","","","","","",""
"GOSPEL","GOSPEL","GSPL","","","","",""
"GRAIN","GRAIN","","","","","",""
"GRAPHICS","GRAPHICS","","","","","",""
"GRASS","GRASS","","","","","",""
"GRAVEL","GRAVEL","","","","","",""
"GREENHOUSE","GREENHOUSE","GREENHOUSES","","","","",""
"GROCERY","GROCERY","","","","","",""
"GUINNESS","GUINNESS","","","","","",""
"HACKNEY","HACKNEY","","","","","",""
"HAIR","HAIR","","","","","",""
"HARDWARE","HARDWARE","","","","","",""
"HARDWOOD","HARDWOOD","","","","","",""
"HAULAGE","HAULAGE","","","","","",""
"HAULERS","HAULERS","","","","","",""
"HAULING","HAULING","","","","","",""
"HEALTH","HEALTH","","","","","",""
"HEALTHCARE","HEALTHCARE","","","","","",""
"HEAT","HEAT","","","","","",""
"HEATING","HEATING","HTG","","","","",""
"HIRE","HIRE","","","","","",""
"HOCKEY","HOCKEY","","","","","",""
"HOLIDAY","HOLIDAY","","","","","",""
"HOME","HOME","","","","","",""
"HOMES","HOMES","","","","","",""
"HORSE","HORSE","","","","","",""
"HOSPICE","HOSPICE","","","","","",""
"HOSPITAL","HOSPITAL","HOSP","","","","",""
"HOTEL","HOTEL","","","","","",""
"HOTELS","HOTELS","","","","","",""
"HOUSE KEEPING","HOUSE KEEPING","","","","","",""
"HOUSING","HOUSING","","","","","",""
"HYDRAULICS","HYDRAULICS","","","","","",""
"HYGIENE","HYGIENE","","","","","",""
"HIGHWAY","HIGHWAY","","","","","",""
"HVAC","HVAC","","","","","",""
"IMAGE","IMAGE","","","","","",""
"IMAGINE","IMAGINE","","","","","",""
"IMAGINARY","IMAGINARY","","","","","",""
"IMPORTS","IMPORTS","","","","","",""
"IMPROVEMENT","IMPROVEMENT","","","","","",""
"IND","IND","","","","","",""
"INDEPENDENT","INDEPENDENT","","","","","",""
"INDUSTRIAL","INDUSTRIAL","","","","","",""
"INDUSTRIES","INDUSTRIES","","","","","",""
"INDUSTRY","INDUSTRY","","","","","",""
"INFORMATION","INFORMATION","INFO","","","","",""
"INGREDIENTS","INGREDIENTS","","","","","",""
"INN","INN","","","","","",""
"INNS","INNS","","","","","",""
"INSTITUTE","INSTITUTE","","","","","",""
"INSTRUMENTS","INSTRUMENTS","","","","","",""
"INSULATION","INSULATION","","","","","",""
"INSULATIONS","INSULATIONS","","","","","",""
"INSURANCE","INSURANCE","INS","INS.","INSUR","INSUR.","",""
"INSURANCE","INSURANCE","","","","","",""
"INSURANCES","INSURANCES","","","","","",""
"INTERIOR","INTERIOR","","","","","",""
"INTERIORS","INTERIORS","","","","","",""
"INTERNATIONAL","INTERNATIONAL","INTERNATL","","","","",""
"INVESTIGATIONS","INVESTIGATIONS","","","","","",""
"INVESTMENT","INVESTMENT","","","","","",""
"INVESTMENTS","INVESTMENTS","","","","","",""
"IRISH","IRISH","","","","","",""
"ISLAND","ISLAND","","","","","",""
"ISLE","ISLE","","","","","",""
"JEWELLERS","JEWELLERS","","","","","",""
"JOINERY","JOINERY","","","","","",""
"JUSTICE","JUSTICE","","","","","",""
"KITCHEN","KITCHEN","","","","","",""
"KITCHENS","KITCHENS","","","","","",""
"KNITWEAR","KNITWEAR","","","","","",""
"LAB","LAB","","","","","",""
"LABELLING","LABELLING","","","","","",""
"LABELS","LABELS","","","","","",""
"LABORATORIES","LABORATORIES","","","","","",""
"LABORATORY","LABORATORY","","","","","",""
"LABS","LABS","","","","","",""
"LANDFILL","LANDFILL","","","","","",""
"LANDSCAPE","LANDSCAPE","","","","","",""
"LANDSCAPES","LANDSCAPES","","","","","",""
"LANDSCAPING","LANDSCAPING","","","","","",""
"LANGUAGE","LANGUAGE","","","","","",""
"LASER","LASER","","","","","",""
"LAVAL","LAVAL","","","","","",""
"LEADER","LEADER","","","","","",""
"LEAGUE","LEAGUE","","","","","",""
"LEASE","LEASE","","","","","",""
"LEASING","LEASING","","","","","",""
"LEGAL","LEGAL","","","","","",""
"LEISURE","LEISURE","","","","","",""
"LEARNING","LEARNING","","","","","",""
"LIBRARY","LIBRARY","LIB","","","","",""
"LIFE","LIFE","","","","","",""
"LIFT","LIFT","","","","","",""
"LIGHTING","LIGHTING","","","","","",""
"LIMESTONE","LIMESTONE","","","","","",""
"LINE","LINE","","","","","",""
"LINK","LINK","","","","","",""
"LIVESTOCK","LIVESTOCK","","","","","",""
"LOCAL","LOCAL","","","","","",""
"LOGISTICS","LOGISTICS","","","","","",""
"LOUNGE","LOUNGE","","","","","",""
"LUBRICANTS","LUBRICANTS","LUBE","LUBRICATION","","","",""
"MACHINE","MACHINE","","","","","",""
"MACHINERY","MACHINERY","","","","","",""
"MACHINES","MACHINES","","","","","",""
"MACHINING","MACHINING","","","","","",""
"MAGAZINE","MAGAZINE","","","","","",""
"MAINTENANCE","MAINTENANCE","","","","","",""
"MANAGEMENT","MANAGEMENT","","","","","",""
"MANAGERS","MANAGERS","","","","","",""
"MANUFACTURER","MANUFACTURER","","","","","",""
"MANUFACTURERS","MANUFACTURERS","","","","","",""
"MANUFACTURING","MANUFACTURING","","","","","",""
"MARINE","MARINE","","","","","",""
"MARITIME","MARITIME","","","","","",""
"MARKETING","MARKETING","","","","","",""
"MASTER","MASTER","","","","","",""
"MATERIALS","MATERIALS","","","","","",""
"MEAT","MEAT","","","","","",""
"MEATS","MEATS","","","","","",""
"MECHANICAL","MECHANICAL","MECH","","","","",""
"MEDIA","MEDIA","","","","","",""
"MEDICAL","MEDICAL","","","","","",""
"MEDICINE","MEDICINE","","","","","",""
"MEETING","MEETING","","","","","",""
"MEETINGS","MEETINGS","","","","","",""
"MEMORIAL","MEMORIAL","","","","","",""
"PLASTIC","PLASTIC","","","","","",""
"PLASTICS","PLASTICS","","","","","",""
"PLUMBING","PLUMBING","","","","","",""
"PNEUMATIC","PNEUMATIC","","","","","",""
"POINT","POINT","","","","","",""
"PORK","PORK","","","","","",""
"PORT","PORT","","","","","",""
"PORTFOLIO","PORTFOLIO","","","","","",""
"PORTRAIT","PORTRAIT","","","","","",""
"POST","POST","","","","","",""
"POULTRY","POULTRY","","","","","",""
"POWER","POWER","","","","","",""
"PR","PR","","","","","",""
"PRACTICE","PRACTICE","","","","","",""
"PRECAST","PRECAST","","","","","",""
"PRECISION","PRECISION","","","","","",""
"PREMIUM","PREMIUM","","","","","",""
"PRESBYTERIAN","PRESBYTERIAN","","","","","",""
"PRESS","PRESS","","","","","",""
"PRINT","PRINT","","","","","",""
"PRINTERS","PRINTERS","","","","","",""
"PRINTING","PRINTING","","","","","",""
"PRINTING","PRINTING","","","","","",""
"PRIVATE","PRIVATE","","","","","",""
"PROCESS","PROCESS","","","","","",""
"PROCESSING","PROCESSING","","","","","",""
"PRODUCE","PRODUCE","","","","","",""
"PRODUCERS","PRODUCERS","","","","","",""
"PRODUCTION","PRODUCTION","PRDCTN","","","","",""
"PRODUCTIONS","PRODUCTIONS","","","","","",""
"PRODUCTS","PRODUCTS","","","","","",""
"PROFESSIONAL","PROFESSIONAL","PRO","","","","",""
"ELECTRICAL","ELECTRICAL","","","","","",""
"ELECTRICS","ELECTRICS","","","","","",""
"ELECTRONIC","ELECTRONIC","","","","","",""
"ELECTRONICS","ELECTRONICS","","","","","",""
"ELEGANCE","ELEGANCE","","","","","",""
"ELEMENTARY","ELEMENTARY","ELEM","","","","",""
"EMBASSY","EMBASSY","","","","","",""
"EMERGENCY","EMERGENCY","","","","","",""
"ENERGY","ENERGY","ENRGY","","","","",""
"ENGINE","ENGINE","","","","","",""
"ENGINEERING","ENGINEERING","ENG.","ENG","","","",""
"ENGINEERS","ENGINEERS","","","","","",""
"ENGINES","ENGINES","","","","","",""
"ENTERPRISE","ENTERPRISE","ENT","","","","",""
"ENTERPRISES","ENTERPRISES","","","","","",""
"ENTERTAINMENT","ENTERTAINMENT","","","","","",""
"ENTERTAINMENTS","ENTERTAINMENTS","","","","","",""
"ENVIROMENTAL","ENVIROMENTAL","","","","","",""
"ENVIRONMENT","ENVIRONMENT","","","","","",""
"ENVIRONMENTAL","ENVIRONMENTAL","","","","","",""
"EPISCOPAL","EPISCOPAL","","","","","",""
"EQUINE","EQUINE","","","","","",""
"EQUIPMENT","EQUIPMENT","","","","","",""
"EQUIP","EQUIP","","","","","",""
"EQUITIES","EQUITIES","","","","","",""
"EQUITY","EQUITY","","","","","",""
"ESTATE","ESTATE","","","","","",""
"ESTATES","ESTATES","","","","","",""
"EUROPEAN","EUROPEAN","","","","","",""
"EVANGELICAL","EVANGELICAL","EV","","","","",""
"EVENT","EVENT","","","","","",""
"EXCAVATING","EXCAVATING","","","","","",""
"EXCAVATORS","EXCAVATORS","","","","","",""
"EXCHANGE","EXCHANGE","","","","","",""
"EXPORT","EXPORT","","","","","",""
"EXPORTS","EXPORTS","","","","","",""
"EXPRESS","EXPRESS","","","","","",""
"EYE","EYE","","","","","",""
"FABRICATION","FABRICATION","","","","","",""
"FABRICATIONS","FABRICATIONS","","","","","",""
"FABRIC","FABRIC","","","","","",""
"FABRICS","FABRICS","","","","","",""
"FACTORY","FACTORY","","","","","",""
"FAILTE","FAILTE","","","","","",""
"FAMILY","FAMILY","","","","","",""
"FARM","FARM","","","","","",""
"FARMERS","FARMERS","","","","","",""
"FARMS","FARMS","","","","","",""
"FASHION","FASHION","","","","","",""
"FASHIONS","FASHIONS","","","","","",""
"FAST","FAST","","","","","",""
"FASTENERS","FASTENERS","","","","","",""
"FEEDS","FEEDS","","","","","",""
"FENCING","FENCING","","","","","",""
"FERRIES","FERRIES","","","","","",""
"FERTILIZERS","FERTILIZERS","FERTILIZER","","","","",""
"FIELD","FIELD","","","","","",""
"FILLING","FILLING","","","","","",""
"FILM","FILM","","","","","",""
"FILMS","FILMS","","","","","",""
"FINE","FINE","","","","","",""
"FIRE","FIRE","","","","","",""
"FIREPLACES","FIREPLACES","","","","","",""
"FISH","FISH","","","","","",""
"FISHERIES","FISHERIES","","","","","",""
"FISHERMANS","FISHERMANS","","","","","",""
"FIT","FIT","","","","","",""
"FITTED","FITTED","","","","","",""
"FIX","FIX","","","","","",""
"FIXING","FIXING","","","","","",""
"FLOORING","FLOORING","","","","","",""
"FLORAL","FLORAL","","","","","",""
"FLORIST","FLORIST","","","","","",""
"FLORISTS","FLORISTS","","","","","",""
"FLOWER","FLOWER","","","","","",""
"FLOWERS","FLOWERS","","","","","",""
"FOIL","FOIL","","","","","",""
"FOOD","FOOD","","","","","",""
"FOODS","FOODS","","","","","",""
"FOOTBALL","FOOTBALL","","","","","",""
"FOR","FOR","","","","","",""
"FORESTRY","FORESTRY","","","","","",""
"PROFILES","PROFILES","","","","","",""
"PROMOTIONS","PROMOTIONS","","","","","",""
"PROPERTIES","PROPERTIES","","","","","",""
"PROPERTY","PROPERTY","","","","","",""
"PROTECTION","PROTECTION","","","","","",""
"PROVIDENT","PROVIDENT","","","","","",""
"PROVINCES","PROVINCES","","","","","",""
"PUBLIC","PUBLIC","","","","","",""
"PUBLICATIONS","PUBLICATIONS","","","","","",""
"PUBLISHERS","PUBLISHERS","","","","","",""
"PUBLISHING","PUBLISHING","","","","","",""
"PUBS","PUBS","","","","","",""
"PUMP","PUMP","","","","","",""
"PUMPS","PUMPS","","","","","",""
"PURCHASES","PURCHASES","","","","","",""
"PURCHASING","PURCHASING","","","","","",""
"PVC","PVC","","","","","",""
"QUALITY","QUALITY","","","","","",""
"QUARRIES","QUARRIES","","","","","",""
"QUARRY","QUARRY","","","","","",""
"RACE","RACE","","","","","",""
"RACING","RACING","","","","","",""
"RADIATOR","RADIATOR","","","","","",""
"RADIO","RADIO","","","","","",""
"RANCH","RANCH","RNCH","","","","",""
"RATE","RATE","","","","","",""
"REALTY","REALTY","RLTY","","","","",""
"RECORDS","RECORDS","","","","","",""
"RECRUITMENT","RECRUITMENT","","","","","",""
"RECYCLING","RECYCLING","","","","","",""
"REFRIDGERATION","REFRIDGERATION","","","","","",""
"REFRIGERATION","REFRIGERATION","","","","","",""
"REFUGE","REFUGE","","","","","",""
"REFURBISHING","REFURBISHING","","","","","",""
"REFUSE","REFUSE","","","","","",""
"REGIONAL","REGIONAL","","","","","",""
"RELIANT","RELIANT","","","","","",""
"REMOVALS","REMOVALS","","","","","",""
"RENOVATION","RENOVATION","","","","","",""
"RENT","RENT","","","","","",""
"RENTALS","RENTALS","RENTAL","","","","",""
"REPAIR","REPAIR","","","","","",""
"REPRODUCTION","REPRODUCTION","REPRODUCTIO","","","","",""
"RESEARCH","RESEARCH","","","","","",""
"RESORT","RESORT","RESORTS","","","","",""
"RESOURCE","RESOURCE","","","","","",""
"RESOURCES","RESOURCES","","","","","",""
"RESTAURANT","RESTAURANT","","","","","",""
"RESTAURANTS","RESTAURANTS","","","","","",""
"RETAIL","RETAIL","","","","","",""
"RIANTA","RIANTA","","","","","",""
"ROOFING","ROOFING","","","","","",""
"ROYAL","ROYAL","","","","","",""
"RTC","RTC","","","","","",""
"RUBBER","RUBBER","","","","","",""
"SAFETY","SAFETY","","","","","",""
"SALES","SALES","","","","","",""
"SALMON","SALMON","","","","","",""
"SALON","SALON","","","","","",""
"SAND","SAND","","","","","",""
"SANITARY","SANITARY","SANITATION","","","","",""
"SATELLITE","SATELLITE","","","","","",""
"SAW","SAW","","","","","",""
"SAWMILLS","SAWMILLS","SAWMILL","","","","",""
"SCAFFOLDING","SCAFFOLDING","","","","","",""
"SCHOOL","SCHOOL","SCHOOLS","SCHL","","","",""
"SCIENCE","SCIENCE","","","","","",""
"SCIENCES","SCIENCES","","","","","",""
"SCIENTIFIC","SCIENTIFIC","","","","","",""
"SCREEN","SCREEN","","","","","",""
"SEAFOODS","SEAFOODS","","","","","",""
"SEAL","SEAL","","","","","",""
"SECURITIES","SECURITIES","","","","","",""
"SECURITY","SECURITY","","","","","",""
"SEEDS","SEEDS","","","","","",""
"SEMICONDUCTORS","SEMICONDUCTORS","","","","","",""
"SEPARATOR","SEPARATOR","","","","","",""
"SEPTIC","SEPTIC","","","","","",""
"SERVICE","SERVICE","SERVIC","SRVC","","","",""
"SERVICES","SERVICES","","","","","",""
"SHEET","SHEET","","","","","",""
"SHELL","SHELL","","","","","",""
"SHELLFISH","SHELLFISH","","","","","",""
"SHIPPING","SHIPPING","","","","","",""
"SHOP","SHOP","","","","","",""
"SHOPFITTERS","SHOPFITTERS","","","","","",""
"SHOPFITTING","SHOPFITTING","","","","","",""
"SIDE","SIDE","","","","","",""
"SIGNAL","SIGNAL","","","","","",""
"SIGNS","SIGNS","","","","","",""
"SKY","SKY","","","","","",""
"SOCCER","SOCCER","","","","","",""
"SOCIETY","SOCIETY","","","","","",""
"SOCKS","SOCKS","","","","","",""
"SOD","SOD","","","","","",""
"SOFTWARE","SOFTWARE","","","","","",""
"SOIL","SOIL","","","","","",""
"SOLICITORS","SOLICITORS","SOLR","SOLR.","SOLRS","SOLRS.","SOL","SOL."
"SOLUTIONS","SOLUTIONS","","","","","",""
"SOUTH","SOUTH","","","","","",""
"SOUTHERN","SOUTHERN","","","","","",""
"SPAIN","SPAIN","","","","","",""
"SPARES","SPARES","","","","","",""
"SPORT","SPORT","","","","","",""
"SPORTS","SPORTS","","","","","",""
"SPRINKLER","SPRINKLER","","","","","",""
"STADIUM","STADIUM","","","","","",""
"STAINLESS","STAINLESS","","","","","",""
"STAR","STAR","","","","","",""
"STATE","STATE","","","","","",""
"STATION","STATION","STATN","STA","","","",""
"STATIONERY","STATIONERY","","","","","",""
"STEEL","STEEL","","","","","",""
"STOCK","STOCK","","","","","",""
"STOCKBROKERS","STOCKBROKERS","","","","","",""
"STOP","STOP","","","","","",""
"STOPS","STOPS","","","","","",""
"STORAGE","STORAGE","","","","","",""
"STORE","STORE","","","","","",""
"STORES","STORES","","","","","",""
"STRAND","STRAND","","","","","",""
"STUD","STUD","","","","","",""
"STUDIO","STUDIO","","","","","",""
"STUDIOS","STUDIOS","","","","","",""
"SUPERMARKET","SUPERMARKET","","","","","",""
"SUPERMARKETS","SUPERMARKETS","","","","","",""
"SUPPLIERS","SUPPLIERS","SUPPLIER","","","","",""
"SUPPLIES","SUPPLIES","","","","","",""
"SUPPLY","SUPPLY","","","","","",""
"SUPPORT","SUPPORT","","","","","",""
"SURGICAL","SURGICAL","","","","","",""
"SURPLUS","SURPLUS","","","","","",""
"SURVEY","SURVEY","","","","","",""
"SWIMMING","SWIMMING","","","","","",""
"SYNOD","SYNOD","","","","","",""
"SYSTEM","SYSTEM","SYM","SYM.","","","",""
"SYSTEMS","SYSTEMS","SYMS","SYMS.","","","",""
"TARMACADAM","TARMACADAM","","","","","",""
"TAVERNS","TAVERNS","","","","","",""
"TAX","TAX","","","","","",""
"TEACHERS","TEACHERS","","","","","",""
"TEC","TEC","","","","","",""
"TECH","TECH","","","","","",""
"TECHNICAL","TECHNICAL","","","","","",""
"TECHNICIANS","TECHNICIANS","TECHS","","","","",""
"TECHNIQUES","TECHNIQUES","","","","","",""
"TECHNOLOGIES","TECHNOLOGIES","","","","","",""
"TECHNOLOGY","TECHNOLOGY","","","","","",""
"TELECOM","TELECOM","","","","","",""
"TELECOMM","TELECOMM","","","","","",""
"TELECOMMUNICATIO","TELECOMMUNICATIO","","","","","",""
"TELEPHONE","TELEPHONE","","","","","",""
"TEMPLE","TEMPLE","","","","","",""
"TENNIS","TENNIS","","","","","",""
"TEXTILE","TEXTILE","","","","","",""
"TEXTILES","TEXTILES","","","","","",""
"THEATER","THEATER","","","","","",""
"TILE","TILE","","","","","",""
"TILES","TILES","","","","","",""
"MERCHANTS","MERCHANTS","","","","","",""
"METAL","METAL","","","","","",""
"METALS","METALS","","","","","",""
"METHODIST","METHODIST","","","","","",""
"MGMT","MGMT","","","","","",""
"MICROSOLUTIONS","MICROSOLUTIONS","","","","","",""
"MICROSYSTEMS","MICROSYSTEMS","","","","","",""
"MIDLAND","MIDLAND","","","","","",""
"MILES","MILES","","","","","",""
"MILITARY","MILITARY","","","","","",""
"MILLING","MILLING","","","","","",""
"MILK","MILK","","","","","",""
"MINERAL","MINERAL","","","","","",""
"MINI","MINI","","","","","",""
"MISSION","MISSION","","","","","",""
"MOBILE","MOBILE","","","","","",""
"MONEY","MONEY","","","","","",""
"MORTGAGE","MORTGAGE","","","","","",""
"MOTOR","MOTOR","","","","","",""
"MOTORCYCLES","MOTORCYCLES","","","","","",""
"MOTORS","MOTORS","","","","","",""
"MOULDINGS","MOULDINGS","","","","","",""
"MUFFLER","MUFFLER","MUFFLERS","","","","",""
"MULTIPAGE","MULTIPAGE","","","","","",""
"MUSHROOM","MUSHROOM","","","","","",""
"MUSHROOMS","MUSHROOMS","","","","","",""
"MUSIC","MUSIC","","","","","",""
"NA","NA","","","","","",""
"NATIONAL","NATIONAL","","","","","",""
"NETWORK","NETWORK","","","","","",""
"NETWORKS","NETWORKS","","","","","",""
"NEW","NEW","","","","","",""
"NEWS","NEWS","","","","","",""
"NEWSPAPERS","NEWSPAPERS","","","","","",""
"NORTHERN","NORTHERN","","","","","",""
"NURSERIES","NURSERIES","","","","","",""
"NURSERY","NURSERY","","","","","",""
"NURSING","NURSING","","","","","",""
"NORTHSTAR","NORTHSTAR","","","","","",""
"NUTRITION","NUTRITION","","","","","",""
"OFFICE","OFFICE","OFFICES","OFC","","","",""
"OIL","OIL","","","","","",""
"OILS","OILS","","","","","",""
"OPERATIONS","OPERATIONS","","","","","",""
"OPTICAL","OPTICAL","","","","","",""
"ORCHARD","ORCHARD","ORCHARDS","","","","",""
"OUTDOOR","OUTDOOR","OUTDOORS","","","","",""
"OVERSEAS","OVERSEAS","","","","","",""
"PACKAGING","PACKAGING","","","","","",""
"PACKING","PACKING","","","","","",""
"PAINT","PAINT","","","","","",""
"PAINTING","PAINTING","","","","","",""
"PAINTS","PAINTS","","","","","",""
"PAK","PAK","","","","","",""
"PAPER","PAPER","","","","","",""
"PAPERS","PAPERS","","","","","",""
"PARISH","PARISH","","","","","",""
"PARKING","PARKING","","","","","",""
"PARTNER","PARTNER","","","","","",""
"PARTNERS","PARTNERS","","","","","",""
"PARTNERSHIP","PARTNERSHIP","","","","","",""
"PARTS","PARTS","","","","","",""
"PEAT","PEAT","","","","","",""
"PENSION","PENSION","","","","","",""
"PEOPLE","PEOPLE","","","","","",""
"PERFORMANCE","PERFORMANCE","","","","","",""
"PERMANENT","PERMANENT","","","","","",""
"PERSONNEL","PERSONNEL","","","","","",""
"PETROLEUM","PETROLEUM","","","","","",""
"PHARMA","PHARMA","","","","","",""
"PHARMACEUTICAL","PHARMACEUTICAL","PHARMECEUTI","","","","",""
"PHARMACEUTICALS","PHARMACEUTICALS","","","","","",""
"PHARMACY","PHARMACY","","","","","",""
"PHONE","PHONE","","","","","",""
"PHOTO","PHOTO","","","","","",""
"PHOTOGRAPHY","PHOTOGRAPHY","","","","","",""
"PICTURES","PICTURES","","","","","",""
"PIG","PIG","","","","","",""
"PIZZA","PIZZA","","","","","",""
"PLAN","PLAN","","","","","",""
"PLANNING","PLANNING","","","","","",""
"PLANT","PLANT","","","","","",""
"TILING","TILING","","","","","",""
"TIMBER","TIMBER","","","","","",""
"TIMES","TIMES","","","","","",""
"TIONSCAL","TIONSCAL","","","","","",""
"TIRE","TIRE","TIRES","","","","",""
"TOOL","TOOL","","","","","",""
"TOOLING","TOOLING","","","","","",""
"TOOLS","TOOLS","","","","","",""
"TOUCH","TOUCH","","","","","",""
"TOURISM","TOURISM","","","","","",""
"TOUR","TOUR","","","","","",""
"TOURS","TOURS","","","","","",""
"TOWING","TOWING","TOW","","","","",""
"TOWN","TOWN","","","","","",""
"TRACTORS","TRACTORS","","","","","",""
"WASHING","WASHING","","","","","",""
"TRADE","TRADE","","","","","",""
"TRADERS","TRADERS","","","","","",""
"TRADING","TRADING","","","","","",""
"TRAILER","TRAILER","","","","","",""
"TRAILERS","TRAILERS","","","","","",""
"TRAINING","TRAINING","","","","","",""
"TRAILS","TRAILS","","","","","",""
"TRANS","TRANS","","","","","",""
"TRANSMISSION","TRANSMISSION","","","","","",""
"TRANSPORT","TRANSPORT","TRANS.","TRANS","TPORT","TPORT.","",""
"TRANSPORTATION","TRANSPORTATION","","","","","",""
"TRAVEL","TRAVEL","","","","","",""
"TRAVERS","TRAVERS","","","","","",""
"TREE","TREE","","","","","",""
"TRINITY","TRINITY","","","","","",""
"TRUCK","TRUCK","","","","","",""
"TRUCKING","TRUCKING","","","","","",""
"TRUCKS","TRUCKS","","","","","",""
"TRUST","TRUST","","","","","",""
"TURF","TURF","","","","","",""
"TURKEYS","TURKEYS","","","","","",""
"TV","TV","","","","","",""
"TYRE","TYRE","","","","","",""
"TYRES","TYRES","","","","","",""
"UNIFORM","UNIFORM","","","","","",""
"UNION","UNION","","","","","",""
"UNITED","UNITED","","","","","",""
"UNIVERSITY","UNIVERSITY","UNIVERSTY","UNIV","","","",""
"UPHOLSTERY","UPHOLSTERY","","","","","",""
"URBAN","URBAN","","","","","",""
"VACATIONS","VACATIONS","","","","","",""
"VALE","VALE","","","","","",""
"VALLEY","VALLEY","","","","","",""
"VALUE","VALUE","","","","","",""
"VAN","VAN","","","","","",""
"VEC","VEC","","","","","",""
"VENDING","VENDING","","","","","",""
"VETERINARY","VETERINARY","","","","","",""
"VIDEO","VIDEO","","","","","",""
"VIEW","VIEW","","","","","",""
"VISION","VISION","","","","","",""
"WALL STREET","WALL STREET","","","","","",""
"WAREHOUSING","WAREHOUSING","","","","","",""
"WASTE","WASTE","","","","","",""
"WATER","WATER","","","","","",""
"WATERFORD","WATERFORD","","","","","",""
"WELDING","WELDING","","","","","",""
"WESLEYAN","WESLEYAN","","","","","",""
"WEST","WEST","","","","","",""
"WESTERN","WESTERN","","","","","",""
"WHOLESALE","WHOLESALE","WHSALE","","","","",""
"WHOLESALERS","WHOLESALERS","WSALERS","W/SALERS","WHSAL","WHOLE-","",""
"WINDOW","WINDOW","","","","","",""
"WINDOWS","WINDOWS","","","","","",""
"WINE","WINE","","","","","",""
"WINES","WINES","","","","","",""
"WIRE","WIRE","","","","","",""
"WIRELESS","WIRELESS","","","","","",""
"WOODCRAFT","WOODCRAFT","","","","","",""
"WOODWORKING","WOODWORKING","","","","","",""
"WOOLEN","WOOLEN","WOOLLEN","","","","",""
"WORKSHOP","WORKSHOP","WRKSHP","WORK SHOP","","","",""
"WORLD","WORLD","","","","","",""
"WORLDWIDE","WORLDWIDE","","","","","",""
"WRECKING","WRECKING","","","","","",""
"WRECKER","WRECKER","","","","","",""
"YACHT","YACHT","","","","","",""
"YOUTH","YOUTH","","","","","",""
"ZOO","ZOO","","","","","",""
"ABBEY","ABBEY","","","","","",""
"ABRASIVES","ABRASIVES","","","","","",""
"ACC","ACC","","","","","",""
"ACCESSORIES","ACCESSORIES","","","","","",""
"ACCOUNT","ACCOUNT","","","","","",""
"ACCOUNTING","ACCOUNTING","","","","","",""
"ACCOUNTS","ACCOUNTS","","","","","",""
"ACCOUNTS PAYABLE","ACCOUNTS PAYABLE","ACTNTS PYBL","","","","",""
"ACHIEVEMENT","ACHIEVEMENT","","","","","",""
"ACTION","ACTION","","","","","",""
"ADVERTISING","ADVERTISING","","","","","",""
"ADVISORS","ADVISORS","","","","","",""
"AFFAIRS","AFFAIRS","","","","","",""
"AGENCIES","AGENCIES","","","","","",""
"AGENCY","AGENCY","","","","","",""
"AGGREGATES","AGGREGATES","","","","","",""
"AGRICULTURAL","AGRICULTURAL","","","","","",""
"AGRICULTURE","AGRICULTURE","AGRI","","","","",""
"AID","AID","","","","","",""
"AIR","AIR","","","","","",""
"AIRLINE","AIRLINE","","","","","",""
"AIRLINES","AIRLINES","","","","","",""
"AIRPORT","AIRPORT","","","","","",""
"AIRWAYS","AIRWAYS","","","","","",""
"ALARMS","ALARMS","","","","","",""
"ALLIED","ALLIED","","","","","",""
"ALUMINA","ALUMINA","","","","","",""
"ALUMINIUM","ALUMINIUM","","","","","",""
"AMERICA","AMERICA","","","","","",""
"ANALYTICAL","ANALYTICAL","","","","","",""
"ANIMAL","ANIMAL","","","","","",""
"ANTIQUES","ANTIQUES","","","","","",""
"APOSTOLIC","APOSTOLIC","","","","","",""
"APPLIANCE","APPLIANCE","","","","","",""
"APT","APT","APARTMENT","","","","",""
"APTS","APTS","APARTMENTS","","","","",""
"AREA","AREA","","","","","",""
"ARMS","ARMS","","","","","",""
"ART","ART","","","","","",""
"ARTS","ARTS","","","","","",""
"ASPHALT","ASPHALT","","","","","",""
"ASSET","ASSET","","","","","",""
"ASSOCIATED","ASSOCIATED","ASSOC","","","","",""
"ASSOCIATES","ASSOCIATES","ASSOCS","ASSOCS.","","","",""
"ATHLETIC","ATHLETIC","","","","","",""
"AUCTIONEERS","AUCTIONEERS","","","","","",""
"AUDIO","AUDIO","","","","","",""
"AUTHORITY","AUTHORITY","","","","","",""
"AUTO","AUTO","","","","","",""
"AUTOMATION","AUTOMATION","","","","","",""
"AUTOS","AUTOS","","","","","",""
"AVIATION","AVIATION","","","","","",""
"B&B","B&B","","","","","",""
"B+B","B+B","","","","","",""
"BAPTIST","BAPTIST","BAPT","BAPT.","","","",""
"BACON","BACON","","","","","",""
"BAG","BAG","","","","","",""
"BAKERIES","BAKERIES","","","","","",""
"BAKERY","BAKERY","","","","","",""
"BALLROOM","BALLROOM","","","","","",""
"BANK","BANK","","","","","",""
"BANKING","BANKING","","","","","",""
"BAR","BAR","","","","","",""
"BASEBALL","BASEBALL","","","","","",""
"BASKETBALL","BASKETBALL","","","","","",""
"BATTERIES","BATTERIES","","","","","",""
"BATTERY","BATTERY","","","","","",""
"BAY","BAY","","","","","",""
"BEAUTY","BEAUTY","","","","","",""
"BEE","BEE","","","","","",""
"BESTFOODS","BESTFOODS","","","","","",""
"BEVERAGES","BEVERAGES","","","","","",""
"BIOSTATISTICS","BIOSTATISTICS","","","","","",""
"BIOTECHNOLOGY","BIOTECHNOLOGY","","","","","",""
"BIRD","BIRD","","","","","",""
"BLDRS","BLDRS","","","","","",""
"BLINDS","BLINDS","","","","","",""
"BLOODSTOCK","BLOODSTOCK","","","","","",""
"BOARD","BOARD","BRD","BD","","","",""
"BODY","BODY","","","","","",""
"BOILERS","BOILERS","","","","","",""
"BOOKS","BOOKS","","","","","",""
"BORD","BORD","","","","","",""
"BOUTIQUE","BOUTIQUE","","","","","",""
"BRAKES","BRAKES","","","","","",""
"BROKERS","BROKERS","","","","","",""
"BROTHERS","BROTHERS","BROS","BRTHS","","","",""
"BUILDERS","BUILDERS","","","","","",""
"BUILDING","BUILDING","BLDG","","","","",""
"BUILDINGS","BUILDINGS","","","","","",""
"BUSINESS","BUSINESS","BUISNESS","","","","",""
"BUTCHERS","BUTCHERS","","","","","",""
"CABS","CABS","","","","","",""
"CAFE","CAFE","CAFE'","CAF??","","","",""
"CHATEAU","CHATEAU","","","","","",""
"CHIMNEY","CHIMNEY","","","","","",""
"CHILDREN","CHILD","","","","","",""
"ASSISTED","ASSISTED","","","","","",""
"ACCT","ACCT","","","","","",""
"CHARITABLE","CHARITABLE","","","","","",""
"CHARITY","CHARITY","","","","","",""
"LIVING","LIVING","","","","","",""
"SHELTER","SHELTER","","","","","",""
"RESERVE","RESERVE","","","","","",""
"RESERVES","RESERVES","","","","","",""
"RESERVATION","RESERVATION","","","","","",""
"RESERVATIONS","RESERVATIONS","","","","","",""
"STATEMENTS","STATEMENTS","","","","","",""
"SETTLEMENTS","SETTLEMENTS","","","","","",""
"FUNDS","FUNDS","","","","","",""
"EXEMPT","EXEMPT","","","","","",""
"EXEMPTION","EXEMPTION","","","","","",""
"TAXES","TAXES","","","","","",""
"BANKS","BANKS","","","","","",""
"CREDITOR","CREDITOR","","","","","",""
"SURVIVOR","SURVIVOR","","","","","",""
"SURVIVORS","SURVIVORS","","","","","",""
"SURVIVORSHIP","SURVIVORSHIP","","","","","",""
"SEPARATE","SEPARATE","","","","","",""
"TESTAMENTARY","TESTAMENTARY","","","","","",""
"DESCENDANT","DESCENDANT","","","","","",""
"AMUSEMENT","AMUSEMENT","","","","","",""
"RESTORATION","RESTORATION","","","","","",""
"DECLARATION","DECLARATION","","","","","",""
"FDN","FDN","","","","","",""
"TRIBES","TRIBES","","","","","",""
"SEMINARY","SEMINARY","","","","","",""
"AFFILIATED","AFFILIATED","","","","","",""
"AFFILIATE","AFFILIATE","","","","","",""
"INTERVENTION","INTERVENTION","","","","","",""
"INTERVENTIONAL","INTERVENTIONAL","","","","","",""
"JURISDICTION","JURISDICTION","","","","","",""
"PEST","PEST","","","","","",""
"SPECIALIST","SPECIALIST","","","","","",""
"SPECIALISTS","SPECIALISTS","","","","","",""
"VOCATIONAL","VOCATIONAL","","","","","",""
"REHAB","REHAB","","","","","",""
"FOCUS","FOCUS","","","","","",""
"THERAPEUTIC","THERAPEUTIC","","","","","",""
"OUTCOME","OUTCOME","","","","","",""
"OUTCOMES","OUTCOMES","","","","","",""
"OPPORTUNITY","OPPORTUNITY","","","","","",""
"VILLAGE","VIlLAGE","","","","","",""
"REVOCABLE","REVOCABLE","","","","","",""
"IRREVOCABLE","IRREVOCABLE","","","","","",""
"TOWNSHIP","TOWNSHIP","","","","","",""
"RETIREMENT","RETIREMENT","","","","","",""
"MOTEL","MOTEL","","","","","",""
"SUITE","SUITE","","","","","",""
"SUITES","SUITES","","","","","",""
"CABINETS","CABINETS","","","","","",""
"CABINETRY","CABINETRY","","","","","",""
"WATERPROOFING","WATERPROOFING","","","","","",""
"JEWELERY","JEWELERY","","","","","",""
"JEWELER","JEWELER","","","","","",""
"JEWELERS","JEWELERS","","","","","",""
"SCH","SCH","","","","","",""
"BOARDS","BOARDS","","","","","",""
"BRD","BRD","","","","","",""
"BD","BD","","","","","",""
"TST","TST","","","","","",""
"TSTS","TSTS","","","","","",""
"TRUSTEE","TRUSTEE","","","","","",""
"TTEE","TTEE","","","","","",""
"TRUSTEES","TURUSTEES","","","","","",""
"DISCLAIMER","DISCLAIMER","","","","","",""
"DISCLAIMERS","DISCLAIMERS","","","","","",""
"CLAIM","CLAIM","","","","","",""
"CLAIMS","CLAIMS","","","","","",""
"SUPPLEMENTAL","SUPPLEMENTAL","","","","","",""
"POLICY","POLICY","","","","","",""
"STATEMENT","STATEMENT","","","","","",""
"SETTLEMENT","SETTLEMENT","","","","","",""
"BYPASS","BYPASS","","","","","",""
"PERSONAL","PERSONAL","","","","","",""
"CONGREGATION","CONGREGATION","","","","","",""
"STUDY","STUDY","","","","","",""
"CIRCLE","CIRCLE","","","","","",""
"SQUARE","SQUARE","","","","","",""
"ASSOCIATE","ASSOCIATE","","","","","",""
"ASSC","ASSC","","","","","",""
"ASSOC","ASSOC","","","","","",""
"COMPANY","COMPANY","","","","","",""
"COMPANIES","COMPANIES","","","","","",""
"INTEGRATION","INTEGRATION","","","","","",""
"ENDOW","ENDOW","","","","","",""
"BENE","BENE","","","","","",""
"FILE","FILE","","","","","",""
"ACTIVE","ACTIVE","","","","","",""
"ENDOWMENT","ENDOWMENT","","","","","",""
"GASTROENTREOLOGY","GASTROENTREOLOGY","","","","","",""
"HEALTHY","HEALTHY","","","","","",""
"I S D","I S D","","","","","",""
"TITLE","TITLE","","","","","",""
"PLLC","PLLC","","","","","",""
"U S D","U S D","","","","","",""
"SURVEYS","SURVEYS","","","","","",""
"BRACES","BRACES","","","","","",""
"PYPT","PYPT","","","","","",""
"AAK","AAK","","","","","",""
"ABATEMENT","ABATEMENT","","","","","",""
"ABSTRACT","ABSTRACT","","","","","",""
"ACADEMIA","ACADEMIA","","","","","",""
"ACADEMIES","ACADEMIES","","","","","",""
"ACADEMY","ACADEMY","","","","","",""
"ACCENTS","ACCENTS","","","","","",""
"ACCEPTANCE","ACCEPTANCE","","","","","",""
"ACQUISITIONS","ACQUISITIONS","","","","","",""
"ADOPTION","ADOPTION","","","","","",""
"ADVISORY","ADVISORY","","","","","",""
"ADVOCATES","ADVOCATES","","","","","",""
"AERIAL","AERIAL","","","","","",""
"AGING","AGING","","","","","",""
"ALIGNMENT","ALIGNMENT","","","","","",""
"ALLIANCE","ALLIANCE","","","","","",""
"ALPINE","ALPINE","","","","","",""
"AMBULANCE","AMBULANCE","","","","","",""
"AMENDMENT","AMENDMENT","","","","","",""
"AMERICA","AMERICA","","","","","",""
"AMMUNITION","AMMUNITION","","","","","",""
"AMUSEMENT","AMUSEMENT","","","","","",""
"ANESTH","ANESTH","","","","","",""
"ANESTHESIA","ANESTHESIA","","","","","",""
"ANGELS","ANGELS","","","","","",""
"ANNUITY","ANNUITY","","","","","",""
"APOTHECARY","APOTHECARY","","","","","",""
"APPAREL","APPAREL","","","","","",""
"APPRAISAL","APPRAISAL","","","","","",""
"APPRAISER","APPRAISER","","","","","",""
"APRAISERS","APRAISERS","","","","","",""
"AQUISITIONS","AQUISITIONS","","","","","",""
"ARCHITECT","ARCHITECT","","","","","",""
"ARCHITECTURE","ARCHITECTURE","","","","","",""
"ARCO","ARCO","","","","","",""
"ARRYTHMIA","ARRYTHMIA","","","","","",""
"ARTICLE","ARTICLE","","","","","",""
"ASIAN","ASIAN","","","","","",""
"ASSEMBLY","ASSEMBLY","","","","","",""
"ASSESSOR","ASSESSOR","","","","","",""
"ASSISTANCE","ASSISTANCE","","","","","",""
"ASSN","ASSN","","","","","",""
"ASSOCIATION","ASSOCIATION","","","","","",""
"ASSOCINC","ASSOCINC","","","","","",""
"AUDIO","AUDIO","","","","","",""
"AUDIOLOGY","AUDIOLOGY","","","","","",""
"AUDITOR","AUDITOR","","","","","",""
"AUTOBODY","AUTOBODY","","","","","",""
"AVENUE","AVENUE","","","","","",""
"AXIA","AXIA","","","","","",""
"BALANCE","BALANCE","","","","","",""
"BAPTIST","BAPTIST","","","","","",""
"BAZAAR","BAZAAR","","","","","",""
"BEVERAGE","BEVERAGE","","","","","",""
"BILLING","BILLING","","","","","",""
"BINDING","BINDING","","","","","",""
"BIOBASAL","BIOBASAL","","","","","",""
"BMW","BMW","","","","","",""
"BOARD","BOARD","","","","","",""
"BOILER","BOILER","","","","","",""
"BOOTERY","BOOTERY","","","","","",""
"BP","BP","","","","","",""
"BRETHREN","BRETHREN","","","","","",""
"BROADBAND","BROADBAND","","","","","",""
"BROADCASTIN","BROADCASTIN","","","","","",""
"BROADCASTING","BROADCASTING","","","","","",""
"BROTHER","BROTHER","","","","","",""
"BROTHERS","BROTHERS","","","","","",""
"BROWN","BROWN","","","","","",""
"BUICK","BUICK","","","","","",""
"BUILT","BUILT","","","","","",""
"BUREAU","BUREAU","","","","","",""
"BUS","BUS","","","","","",""
"CABINET","CABINET","","","","","",""
"CABLE","CABLE","","","","","",""
"CADILLAC","CADILLAC","","","","","",""
"CAFE","CAFE","","","","","",""
"CANDIES","CANDIES","","","","","",""
"CANVAS","CANVAS","","","","","",""
"CARBIDE","CARBIDE","","","","","",""
"CARDIAC","CARDIAC","","","","","",""
"CATCH","CATCH","","","","","",""
"CATHEDRAL","CATHEDRAL","","","","","",""
"CATHOLIC","CATHOLIC","","","","","",""
"CELEBRATION","CELEBRATION","","","","","",""
"CEMETERY","CEMETERY","","","","","",""
"CENTER","CENTER","","","","","",""
"CENTR","CENTR","","","","","",""
"CHAPEL","CHAPEL","","","","","",""
"CHAPTER","CHAPTER","","","","","",""
"CHARITABLE","CHARITABLE","","","","","",""
"CHARTER","CHARTER","","","","","",""
"CHASSIS","CHASSIS","","","","","",""
"CHICAGO","CHICAGO","","","","","",""
"CHILDREN","CHILDREN","","","","","",""
"CHILDREN'S","CHILDREN'S","","","","","",""
"CHIROPRACTIC","CHIROPRACTIC","","","","","",""
"CHOICE","CHOICE","","","","","",""
"CHRISTIAN","CHRISTIAN","","","","","",""
"CHRYSLER","CHRYSLER","","","","","",""
"CINEMA","CINEMA","","","","","",""
"CITIES","CITIES","","","","","",""
"CITIZEN","CITIZEN","","","","","",""
"CLASSICS","CLASSICS","","","","","",""
"CLINICAS","CLINICAS","","","","","",""
"COFFEE","COFFEE","","","","","",""
"COINC","COINC","","","","","",""
"COIN-TAINER","COIN-TAINER","","","","","",""
"COLLISION","COLLISION","","","","","",""
"COMM","COMM","","","","","",""
"COMMERC","COMMERC","","","","","",""
"COMMERCE","COMMERCE","","","","","",""
"COMMISSION","COMMISSION","","","","","",""
"COMMISSIONER","COMMISSIONER","","","","","",""
"COMMISSIONERS","COMMISSIONERS","","","","","",""
"COMPANION","COMPANION","","","","","",""
"COMPANY","COMPANY","","","","","",""
"COMPLETE","COMPLETE","","","","","",""
"CONCEPT","CONCEPT","","","","","",""
"CONCEPTION","CONCEPTION","","","","","",""
"CONDITIONING","CONDITIONING","","","","","",""
"CONNECT","CONNECT","","","","","",""
"CONSLT","CONSLT","","","","","",""
"CONSORTIUM","CONSORTIUM","","","","","",""
"CONSTRUCTORS","CONSTRUCTORS","","","","","",""
"CONTRACT","CONTRACT","","","","","",""
"CONTRACTING","CONTRACTING","","","","","",""
"CONTRACTOR","CONTRACTOR","","","","","",""
"CONTRIBUTION","CONTRIBUTION","","","","","",""
"CONVALESCENT","CONVALESCENT","","","","","",""
"CONVERTER","CONVERTER","","","","","",""
"COOP","COOP","","","","","",""
"COOPERATIVE","COOPERATIVE","","","","","",""
"COPORATION","COPORATION","","","","","",""
"CORNER","CORNER","","","","","",""
"COSMETIC","COSMETIC","","","","","",""
"COSMETICS","COSMETICS","","","","","",""
"COUNCIL","COUNCIL","","","","","",""
"COUNTRY","COUNTRY","","","","","",""
"COUNTRYSIDE","COUNTRYSIDE","","","","","",""
"COUNTY","COUNTY","","","","","",""
"COURT","COURT","","","","","",""
"COURTHOUSE","COURTHOUSE","","","","","",""
"CRAB","CRAB","","","","","",""
"CRATER","CRATER","","","","","",""
"CREATIVE","CREATIVE","","","","","",""
"CREEK","CREEK","","","","","",""
"CROSSING","CROSSING","","","","","",""
"DCC","DCC","","","","","",""
"DEPOT","DEPOT","","","","","",""
"DIESEL","DIESEL","","","","","",""
"DIG","DIG","","","","","",""
"DIGESTIVE","DIGESTIVE","","","","","",""
"DISABILITY","DISABILITY","","","","","",""
"DISCOUNT","DISCOUNT","","","","","",""
"DISCOVER","DISCOVER","","","","","",""
"DISTRICT","DISTRICT","","","","","",""
"DISTRICTS","DISTRICTS","","","","","",""
"DOG","DOG","","","","","",""
"DOLLAR","DOLLAR","","","","","",""
"DOOR","DOOR","","","","","",""
"DRILLING","DRILLING","","","","","",""
"DSD","DSD","","","","","",""
"EATERY","EATERY","","","","","",""
"ECONOMY","ECONOMY","","","","","",""
"EFFECT","EFFECT","","","","","",""
"ELECTROPLATING","ELECTROPLATING","","","","","",""
"ELEGANT","ELEGANT","","","","","",""
"EMPLOYMENT","EMPLOYMENT","","","","","",""
"ENDODONTICS","ENDODONTICS","","","","","",""
"EVOLUTION","EVOLUTION","","","","","",""
"EXTERMINATING","EXTERMINATING","","","","","",""
"FABRICATORS","FABRICATORS","","","","","",""
"FAITH","FAITH","","","","","",""
"FARMS","FARMS","","","","","",""
"FEDERAL","FEDERAL","","","","","",""
"FEDERATION","FEDERATION","","","","","",""
"FELLOWSHIP","FELLOWSHIP","","","","","",""
"FESTIVAL","FESTIVAL","","","","","",""
"FIBERS","FIBERS","","","","","",""
"FILM","FILM","","","","","",""
"FIRE","FIRE","","","","","",""
"FIREPLACE","FIREPLACE","","","","","",""
"FIRST STEP","FIRST STEP","","","","","",""
"FITNESS","FITNESS","","","","","",""
"FLORIDA","FLORIDA","","","","","",""
"FLOZONE","FLOZONE","","","","","",""
"FORK","FORK","","","","","",""
"FORMS","FORMS","","","","","",""
"FRAMES","FRAMES","","","","","",""
"FRONTLINE","FRONTLINE","","","","","",""
"FURNACE","FURNACE","","","","","",""
"GALLERY","GALLERY","","","","","",""
"GAS","GAS","","","","","",""
"GASTOENTEROLOGY","GASTOENTEROLOGY","","","","","",""
"GASTROENTEROLOGY","GASTROENTEROLOGY","","","","","",""
"GEOPHYSICAL","GEOPHYSICAL","","","","","",""
"GMC","GMC","","","","","",""
"GOVERNMENT","GOVERNMENT","","","","","",""
"GRANITE","GRANITE","","","","","",""
"GREATER","GREATER","","","","","",""
"GROUP","GROUP","","","","","",""
"GUILD","GUILD","","","","","",""
"GUYS","GUYS","","","","","",""
"HACIENDA","HACIENDA","","","","","",""
"HANDMADE","HANDMADE","","","","","",""
"HARDWARE","HARDWARE","","","","","",""
"HARLEY-DAVIDSON","HARLEY-DAVIDSON","","","","","",""
"HARVEST","HARVEST","","","","","",""
"HATS","HATS","","","","","",""
"HAWAII","HAWAII","","","","","",""
"HEARING","HEARING","","","","","",""
"HELICOPTER","HELICOPTER","","","","","",""
"HELICOPTERS","HELICOPTERS","","","","","",""
"HEMATOLOGY","HEMATOLOGY","","","","","",""
"HERBS","HERBS","","","","","",""
"HEROES","HEROES","","","","","",""
"HISTORIC","HISTORIC","","","","","",""
"HOMES","HOMES","","","","","",""
"HONDA","HONDA","","","","","",""
"HOSP","HOSP","","","","","",""
"HOSPITALS","HOSPITALS","","","","","",""
"HOUSE","HOUSE","","","","","",""
"HOUSEHOLD","HOUSEHOLD","","","","","",""
"HSD","HSD","","","","","",""
"HUMANE","HUMANE","","","","","",""
"HYDROSTATIC","HYDROSTATIC","","","","","",""
"HYPNOTIC","HYPNOTIC","","","","","",""
"ILLUMINATION","ILLUMINATION","","","","","",""
"IMAGING","IMAGING","","","","","",""
"IMMACULATE","IMMACULATE","","","","","",""
"IMMIGRANT","IMMIGRANT","","","","","",""
"IMMIGRATION","IMMIGRATION","","","","","",""
"IMPACT","IMPACT","","","","","",""
"IMPORTS","IMPORTS","","","","","",""
"IMPORTSS","IMPORTSS","","","","","",""
"INC","INC","","","","","",""
"INCORPORATION","INCORPORATION","","","","","",""
"INFOSYS","INFOSYS","","","","","",""
"INNOVATION","INNOVATION","","","","","",""
"INSTALLATION","INSTALLATION","","","","","",""
"INSTRUMENT","INSTRUMENT","","","","","",""
"INSTRUMENTATION","INSTRUMENTATION","","","","","",""
"INTEGRATED","INTEGRATED","","","","","",""
"INTEGRUS","INTEGRUS","","","","","",""
"INTEREST","INTEREST","","","","","",""
"INTERESTS","INTERESTS","","","","","",""
"INTERGREEN","INTERGREEN","","","","","",""
"INTERLAKEN","INTERLAKEN","","","","","",""
"INTERMOUNTAIN","INTERMOUNTAIN","","","","","",""
"INTERNAL","INTERNAL","","","","","",""
"INTERNET","INTERNET","","","","","",""
"INT'L","INT'L","","","","","",""
"IPMSI","IPMSI","","","","","",""
"ISD","ISD","","","","","",""
"ISLAND","ISLAND","","","","","",""
"JANITORIAL","JANITORIAL","","","","","",""
"JAPANESE","JAPANESE","","","","","",""
"JEWELRY","JEWELRY","","","","","",""
"JUNCTION","JUNCTION","","","","","",""
"KICKBOXING","KICKBOXING","","","","","",""
"KIDS","KIDS","","","","","",""
"KILN","KILN","","","","","",""
"KINETIC","KINETIC","","","","","",""
"KINETICS","KINETICS","","","","","",""
"KITCHEN","KITCHEN","","","","","",""
"KOMPANY","KOMPANY","","","","","",""
"KONSTRUCTION","KONSTRUCTION","","","","","",""
"KOREAN","KOREAN","","","","","",""
"KS","KS","","","","","",""
"LABS","LABS","","","","","",""
"LANSCAPING","LANSCAPING","","","","","",""
"LAUNDRY","LAUNDRY","","","","","",""
"LIBERTY","LIBERTY","","","","","",""
"LIFE","LIFE","","","","","",""
"LIGHTHOUSE","LIGHTHOUSE","","","","","",""
"LINES","LINES","","","","","",""
"LINK","LINK","","","","","",""
"LITHO","LITHO","","","","","",""
"LIVING","LIVING","","","","","",""
"LOCKSMITH","LOCKSMITH","","","","","",""
"LOCKSMITHING","LOCKSMITHING","","","","","",""
"LODGE","LODGE","","","","","",""
"LOGGING","LOGGING","","","","","",""
"LUMBER","LUMBER","","","","","",""
"LUTHERAN","LUTHERAN","","","","","",""
"MAGNETICS","MAGNETICS","","","","","",""
"MALL","MALL","","","","","",""
"MANOR","MANOR","","","","","",""
"MARINE","MARINE","","","","","",""
"MASONRY","MASONRY","","","","","",""
"MASTER","MASTER","","","","","",""
"MATERIAL","MATERIAL","","","","","",""
"MDPC","MDPC","","","","","",""
"MEASUREMENT","MEASUREMENT","","","","","",""
"MEDIA","MEDIA","","","","","",""
"MEDISPA","MEDISPA","","","","","",""
"METAL","METAL","","","","","",""
"METEOR","METEOR","","","","","",""
"MFG","MFG","","","","","",""
"MGMNT","MGMNT","","","","","",""
"MICHIGAN","MICHIGAN","","","","","",""
"MID-TOWN","MID-TOWN","","","","","",""
"MIDWAY","MIDWAY","","","","","",""
"MIDWEST","MIDWEST","","","","","",""
"MILLS","MILLS","","","","","",""
"MILLWORKS","MILLWORKS","","","","","",""
"MINDS","MINDS","","","","","",""
"MINISTRIES","MINISTRIES","","","","","",""
"MINISTRY","MINISTRY","","","","","",""
"MIRACLES","MIRACLES","","","","","",""
"MISSION","MISSION","","","","","",""
"MISSIONS","MISSIONS","","","","","",""
"MISSOURI","MISSOURI","","","","","",""
"MORTUARY","MORTUARY","","","","","",""
"MOUNTAIN","MOUNTAIN","","","","","",""
"MOVERS","MOVERS","","","","","",""
"MSP","MSP","","","","","",""
"MULTICARE","MULTICARE","","","","","",""
"MUNICIPAL","MUNICIPAL","","","","","",""
"MUSEUM","MUSEUM","","","","","",""
"NATAL","NATAL","","","","","",""
"NATURALS","NATURALS","","","","","",""
"NAVIGATION","NAVIGATION","","","","","",""
"NEEDS","NEEDS","","","","","",""
"NEIGHBORHOOD","NEIGHBORHOOD","","","","","",""
"NEPHROLOGY","NEPHROLOGY","","","","","",""
"NEUROLOGICAL","NEUROLOGICAL","","","","","",""
"NEWSPAPER","NEWSPAPER","","","","","",""
"NGUYEN LOAN","NGUYEN LOAN","","","","","",""
"NISSAN","NISSAN","","","","","",""
"OAKS","OAKS","","","","","",""
"OLDSMOBILE","OLDSMOBILE","","","","","",""
"ONCOLOGY","ONCOLOGY","","","","","",""
"OPERATING","OPERATING","","","","","",""
"OPHTHALMOLOGY","OPHTHALMOLOGY","","","","","",""
"OPTICS","OPTICS","","","","","",""
"OPTION","OPTION","","","","","",""
"OPTIONS","OPTIONS","","","","","",""
"OPTOMETRY","OPTOMETRY","","","","","",""
"ORAL","ORAL","","","","","",""
"ORCHESTRA","ORCHESTRA","","","","","",""
"ORTHODONTICS","ORTHODONTICS","","","","","",""
"ORTHOPAEDIC","ORTHOPAEDIC","","","","","",""
"ORTHOPAEDICS","ORTHOPAEDICS","","","","","",""
"ORTHOPEDIC","ORTHOPEDIC","","","","","",""
"OUTREACH","OUTREACH","","","","","",""
"OVERHEAD","OVERHEAD","","","","","",""
"PACIFIC","PACIFIC","","","","","",""
"PADIATRICS","PADIATRICS","","","","","",""
"PAINTING","PAINTING","","","","","",""
"PAPER","PAPER","","","","","",""
"PARAMEDIC","PARAMEDIC","","","","","",""
"PARAMEDICAL","PARAMEDICAL","","","","","",""
"PARENTS","PARENTS","","","","","",""
"PARISH","PARISH","","","","","",""
"PAVING","PAVING","","","","","",""
"PAYMENTS","PAYMENTS","","","","","",""
"PDHC","PDHC","","","","","",""
"PEDAL","PEDAL","","","","","",""
"PEDIACTRICS","PEDIACTRICS","","","","","",""
"PEDIATRIC","PEDIATRIC","","","","","",""
"PEDIATRICS","PEDIATRICS","","","","","",""
"PENCHANT","PENCHANT","","","","","",""
"PET","PET","","","","","",""
"PHOTOGRAPHER","PHOTOGRAPHER","","","","","",""
"PIZZA","PIZZA","","","","","",""
"PIZZERIA","PIZZERIA","","","","","",""
"PLAINS","PLAINS","","","","","",""
"PLANTS","PLANTS","","","","","",""
"PLASTERING","PLASTERING","","","","","",""
"PLYMOUTH","PLYMOUTH","","","","","",""
"POCONO","POCONO","","","","","",""
"POINT","POINT","","","","","",""
"PONTIAC","PONTIAC","","","","","",""
"POOLS","POOLS","","","","","",""
"PORK","PORK","","","","","",""
"POSITIVE","POSITIVE","","","","","",""
"POTOMAC","POTOMAC","","","","","",""
"POWER","POWER","","","","","",""
"POWERSPORTS","POWERSPORTS","","","","","",""
"PRESBY","PRESBY","","","","","",""
"PRESCHOOL","PRESCHOOL","","","","","",""
"PRESERVE","PRESERVE","","","","","",""
"PRESORT","PRESORT","","","","","",""
"PRIMARY","PRIMARY","","","","","",""
"PRIME","PRIME","","","","","",""